%Time,Exclusive,Inclusive,#Call,#Subrs,Inclusive,Name
100.0,0.00588,4,164,1,1,4164624,.TAU_application
100.0,1,4,164,1,331.031,4164618,CG
39.0,871,1,624,31,24180,52416,CONJ_GRAD
36.2,49,1,509,1,200001,1509032,MAKEA
34.1,666,1,419,100000,5.90284E+06,14,SPRNVC
16.9,705,705,1,0,705733,MPI_Finalize()
12.1,503,503,3.93523E+06,0,0,RANDLC
10.8,448,448,8153,0,55,MPI_Wait()
7.7,0.039,320,1,3.03125,320615,INITIALIZE_MPI
7.7,319,319,1,0,319773,MPI_Init()
7.2,299,299,8153,0,37,MPI_Send()
6.0,250,250,1.96761E+06,0,0,ICNVRT
0.6,25,25,1,0,25182,SPARSE
0.3,14,14,100000,0,0,VECSET
0.1,5,5,8153,0,1,MPI_Irecv()
0.1,2,2,1,0,2305,ALLOC_SPACE
0.0,0.76,0.76,1,0,760,MPI_Bcast()
0.0,0.309,0.309,1,0,309,MPI_Barrier()
0.0,0.0539,0.0539,1,0,54,MPI_Reduce()
0.0,0.0281,0.0284,1,2,28,GET_ACTIVE_NPROCS
0.0,0.0155,0.0155,0.03125,0,496,CHECK_TIMER_FLAG
0.0,0.00825,0.00825,1,0,8,TIMER_START
0.0,0.00575,0.00575,0.03125,0,184,PRINT_RESULTS
0.0,0.00169,0.00169,9,0,0,TIMER_CLEAR
0.0,0.000937,0.000937,1,0,1,TIMER_STOP
0.0,0.000687,0.000687,1,0,1,SETUP_SUBMATRIX_INFO
0.0,0.000219,0.000219,1,0,0,SETUP_PROC_INFO
0.0,0.000188,0.000188,1,0,0,MPI_Comm_rank()
0.0,0.000188,0.000188,1,0,0,MPI_Comm_size()
0.0,0.000125,0.000125,1,0,0,TIMER_READ
