%Time,Exclusive,Inclusive,#Call,#Subrs,Inclusive,Name
100.0,0.00611,5,694,1,1,5694315,.TAU_application
100.0,2,5,694,1,1334.01,5694309,CG
42.4,1,092,2,416,101,102414,23921,CONJ_GRAD
40.0,48,2,279,1,300001,2279701,MAKEA
38.7,1,025,2,202,150000,9.44725E+06,15,SPRNVC
13.8,786,786,6.29816E+06,0,0,RANDLC
12.1,687,687,34542,0,20,MPI_Send()
10.5,600,600,34542,0,17,MPI_Wait()
8.8,0.0364,500,1,3.00781,500995,INITIALIZE_MPI
8.8,500,500,1,0,500070,MPI_Init()
8.7,493,493,1,0,493258,MPI_Finalize()
6.9,390,390,3.14908E+06,0,0,ICNVRT
0.6,36,36,34542,0,1,MPI_Irecv()
0.4,20,20,150000,0,0,VECSET
0.1,7,7,1,0,7603,SPARSE
0.0,0.856,0.856,1,0,856,MPI_Bcast()
0.0,0.659,0.659,1,0,659,ALLOC_SPACE
0.0,0.303,0.303,1,0,303,MPI_Barrier()
0.0,0.102,0.102,1,0,102,MPI_Reduce()
0.0,0.0276,0.0282,1,2,28,GET_ACTIVE_NPROCS
0.0,0.00779,0.00779,1,0,8,TIMER_START
0.0,0.00398,0.00398,0.0078125,0,510,CHECK_TIMER_FLAG
0.0,0.00147,0.00147,9,0,0,TIMER_CLEAR
0.0,0.00115,0.00115,0.0078125,0,147,PRINT_RESULTS
0.0,0.000859,0.000859,1,0,1,TIMER_STOP
0.0,0.000547,0.000547,1,0,1,SETUP_SUBMATRIX_INFO
0.0,0.000375,0.000375,1,0,0,MPI_Comm_size()
0.0,0.000281,0.000281,1,0,0,SETUP_PROC_INFO
0.0,0.00025,0.00025,1,0,0,MPI_Comm_rank()
0.0,0.000172,0.000172,1,0,0,TIMER_READ
