%Time,Exclusive,Inclusive,#Call,#Subrs,Inclusive,Name
100.0,0.00594,8,793,1,1,8793398,.TAU_application
100.0,2,8,793,1,781.031,8793392,CG
64.4,4,422,5,663,76,59280,74523,CONJ_GRAD
23.6,65,2,079,1,200001,2079378,MAKEA
22.1,908,1,946,100000,8.26317E+06,19,SPRNVC
8.4,737,737,1,0,737254,MPI_Finalize()
7.9,693,693,5.50878E+06,0,0,RANDLC
7.3,638,638,19988,0,32,MPI_Send()
6.6,583,583,19988,0,29,MPI_Wait()
3.9,344,344,2.75439E+06,0,0,ICNVRT
3.5,0.0375,307,1,3.03125,307051,INITIALIZE_MPI
3.5,306,306,1,0,306317,MPI_Init()
0.6,52,52,1,0,52392,SPARSE
0.2,20,20,19988,0,1,MPI_Irecv()
0.2,14,14,100000,0,0,VECSET
0.0,2,2,1,0,2309,ALLOC_SPACE
0.0,0.66,0.66,1,0,660,MPI_Bcast()
0.0,0.205,0.205,1,0,205,MPI_Barrier()
0.0,0.0573,0.0573,1,0,57,MPI_Reduce()
0.0,0.0238,0.0243,1,2,24,GET_ACTIVE_NPROCS
0.0,0.0127,0.0127,0.03125,0,407,CHECK_TIMER_FLAG
0.0,0.00953,0.00953,1,0,10,TIMER_START
0.0,0.00394,0.00394,0.03125,0,126,PRINT_RESULTS
0.0,0.00153,0.00153,9,0,0,TIMER_CLEAR
0.0,0.000844,0.000844,1,0,1,TIMER_STOP
0.0,0.000594,0.000594,1,0,1,SETUP_SUBMATRIX_INFO
0.0,0.000313,0.000313,1,0,0,MPI_Comm_rank()
0.0,0.000313,0.000313,1,0,0,SETUP_PROC_INFO
0.0,0.000188,0.000188,1,0,0,MPI_Comm_size()
0.0,0.000188,0.000188,1,0,0,TIMER_READ
