%Time,Exclusive,Inclusive,#Call,#Subrs,Inclusive,Name
100.0,0.00613,11,324,1,1,11324691,.TAU_application
100.0,4,11,324,1,238.125,11324685,CG
70.5,7,495,7,984,31,16926,257575,CONJ_GRAD
20.2,83,2,282,1,300001,2282801,MAKEA
17.9,951,2,030,150000,8.6617E+06,14,SPRNVC
6.6,744,744,1,0,744355,MPI_Finalize()
6.4,721,721,5.77446E+06,0,0,RANDLC
3.2,357,357,2.88723E+06,0,0,ICNVRT
2.9,328,328,5704,0,58,MPI_Send()
2.7,0.04,305,1,3.125,305885,INITIALIZE_MPI
2.7,305,305,1,0,305232,MPI_Init()
1.4,153,153,5704,0,27,MPI_Wait()
1.3,146,146,1,0,146932,SPARSE
0.2,21,21,150000,0,0,VECSET
0.1,7,7,5704,0,1,MPI_Irecv()
0.0,2,2,1,0,2180,ALLOC_SPACE
0.0,0.541,0.541,1,0,542,MPI_Bcast()
0.0,0.185,0.185,1,0,185,MPI_Barrier()
0.0,0.0622,0.0622,1,0,62,MPI_Reduce()
0.0,0.0493,0.0493,0.125,0,394,CHECK_TIMER_FLAG
0.0,0.0216,0.0224,1,2,22,GET_ACTIVE_NPROCS
0.0,0.0156,0.0156,0.125,0,125,PRINT_RESULTS
0.0,0.00775,0.00775,1,0,8,TIMER_START
0.0,0.00162,0.00162,9,0,0,TIMER_CLEAR
0.0,0.000875,0.000875,1,0,1,TIMER_STOP
0.0,0.000625,0.000625,1,0,1,SETUP_SUBMATRIX_INFO
0.0,0.0005,0.0005,1,0,0,MPI_Comm_rank()
0.0,0.00025,0.00025,1,0,0,MPI_Comm_size()
0.0,0.00025,0.00025,1,0,0,TIMER_READ
0.0,0.000125,0.000125,1,0,0,SETUP_PROC_INFO
