%Time,Exclusive,Inclusive,#Call,#Subrs,Inclusive,Name
100.0,0.00644,4,856,1,1,4856763,.TAU_application
100.0,1,4,856,1,331.016,4856757,CG
42.6,60,2,067,1,200001,2067860,MAKEA
40.5,928,1,969,100000,8.26317E+06,20,SPRNVC
36.3,825,1,761,31,24180,56808,CONJ_GRAD
14.3,695,695,5.50878E+06,0,0,RANDLC
14.0,678,678,1,0,678052,MPI_Finalize()
12.2,594,594,8153,0,73,MPI_Wait()
7.1,0.0768,345,1,3.01562,345940,INITIALIZE_MPI
7.1,345,345,2.75439E+06,0,0,ICNVRT
7.1,345,345,1,0,345071,MPI_Init()
6.9,334,334,8153,0,41,MPI_Send()
0.5,23,23,1,0,23440,SPARSE
0.3,14,14,100000,0,0,VECSET
0.1,6,6,8153,0,1,MPI_Irecv()
0.0,2,2,1,0,2118,ALLOC_SPACE
0.0,0.758,0.758,1,0,758,MPI_Bcast()
0.0,0.246,0.246,1,0,246,MPI_Barrier()
0.0,0.0539,0.0539,1,0,54,MPI_Reduce()
0.0,0.026,0.0267,1,2,27,GET_ACTIVE_NPROCS
0.0,0.00808,0.00808,1,0,8,TIMER_START
0.0,0.00777,0.00777,0.015625,0,497,CHECK_TIMER_FLAG
0.0,0.00217,0.00217,0.015625,0,139,PRINT_RESULTS
0.0,0.00145,0.00145,9,0,0,TIMER_CLEAR
0.0,0.000875,0.000875,1,0,1,TIMER_STOP
0.0,0.000406,0.000406,1,0,0,SETUP_SUBMATRIX_INFO
0.0,0.000344,0.000344,1,0,0,MPI_Comm_size()
0.0,0.000281,0.000281,1,0,0,MPI_Comm_rank()
0.0,0.000266,0.000266,1,0,0,SETUP_PROC_INFO
0.0,0.000156,0.000156,1,0,0,TIMER_READ
