%Time,Exclusive,Inclusive,#Call,#Subrs,Inclusive,Name
100.0,0.00675,2,923,1,1,2923145,.TAU_application
100.0,1,2,923,1,658.125,2923138,CG
59.3,1,417,1,733,91,49686,19050,CONJ_GRAD
20.0,583,583,1,0,583297,MPI_Finalize()
10.5,0.0297,306,1,3.125,306549,INITIALIZE_MPI
10.5,305,305,1,0,305783,MPI_Init()
10.1,14,295,1,60001,295303,MAKEA
8.8,120,258,30000,1.08172E+06,9,SPRNVC
5.7,167,167,16744,0,10,MPI_Wait()
4.5,132,132,16744,0,8,MPI_Send()
3.1,91,91,721149,0,0,RANDLC
1.6,45,45,360574,0,0,ICNVRT
0.6,17,17,1,0,17960,SPARSE
0.6,16,16,16744,0,1,MPI_Irecv()
0.1,4,4,30000,0,0,VECSET
0.1,2,2,1,0,2145,ALLOC_SPACE
0.0,0.658,0.658,1,0,658,MPI_Bcast()
0.0,0.122,0.122,1,0,122,MPI_Barrier()
0.0,0.0545,0.0545,0.125,0,436,CHECK_TIMER_FLAG
0.0,0.0501,0.0501,1,0,50,MPI_Reduce()
0.0,0.0291,0.0291,0.125,0,233,PRINT_RESULTS
0.0,0.024,0.0244,1,2,24,GET_ACTIVE_NPROCS
0.0,0.00325,0.00325,1,0,3,TIMER_START
0.0,0.00137,0.00137,9,0,0,TIMER_CLEAR
0.0,0.001,0.001,1,0,1,TIMER_STOP
0.0,0.00075,0.00075,1,0,1,SETUP_SUBMATRIX_INFO
0.0,0.000375,0.000375,1,0,0,TIMER_READ
0.0,0.00025,0.00025,1,0,0,MPI_Comm_rank()
0.0,0.000125,0.000125,1,0,0,MPI_Comm_size()
0.0,0,0,1,0,0,SETUP_PROC_INFO
