%Time,Exclusive,Inclusive,#Call,#Subrs,Inclusive,Name
100.0,0.00675,30,892,1,1,30892342,.TAU_application
100.0,9,30,892,1,331.031,30892335,CG
62.6,16,987,19,340,31,24180,623875,CONJ_GRAD
33.9,333,10,473,1,1.5E+06,10473319,MAKEA
31.4,4,625,9,695,750000,4.0907E+07,13,SPRNVC
11.0,3,386,3,386,2.72714E+07,0,0,RANDLC
5.4,1,683,1,683,1.36357E+07,0,0,ICNVRT
4.6,1,416,1,416,8153,0,174,MPI_Send()
2.9,908,908,8153,0,111,MPI_Wait()
2.4,735,735,1,0,735399,MPI_Finalize()
1.1,339,339,1,0,339966,SPARSE
1.1,0.0411,327,1,3.03125,327760,INITIALIZE_MPI
1.1,327,327,1,0,327039,MPI_Init()
0.3,104,104,750000,0,0,VECSET
0.1,28,28,8153,0,4,MPI_Irecv()
0.0,4,4,1,0,4719,ALLOC_SPACE
0.0,0.642,0.642,1,0,642,MPI_Bcast()
0.0,0.287,0.287,1,0,287,MPI_Barrier()
0.0,0.0584,0.0584,1,0,58,MPI_Reduce()
0.0,0.0246,0.0251,1,2,25,GET_ACTIVE_NPROCS
0.0,0.0122,0.0122,0.03125,0,390,CHECK_TIMER_FLAG
0.0,0.0107,0.0107,1,0,11,TIMER_START
0.0,0.00409,0.00409,0.03125,0,131,PRINT_RESULTS
0.0,0.00153,0.00153,9,0,0,TIMER_CLEAR
0.0,0.000906,0.000906,1,0,1,TIMER_STOP
0.0,0.000781,0.000781,1,0,1,SETUP_SUBMATRIX_INFO
0.0,0.000375,0.000375,1,0,0,MPI_Comm_size()
0.0,0.000188,0.000188,1,0,0,TIMER_READ
0.0,0.000156,0.000156,1,0,0,MPI_Comm_rank()
0.0,0.000156,0.000156,1,0,0,SETUP_PROC_INFO
