%Time,Exclusive,Inclusive,#Call,#Subrs,Inclusive,Name
100.0,0.00628,6,114,1,1,6114614,.TAU_application
100.0,1,6,114,1,181.031,6114607,CG
57.0,86,3,482,1,300001,3482887,MAKEA
54.1,1,543,3,305,150000,1.41613E+07,22,SPRNVC
24.8,1,161,1,514,16,12480,94669,CONJ_GRAD
19.3,1,177,1,177,9.4409E+06,0,0,RANDLC
13.0,797,797,1,0,797272,MPI_Finalize()
9.6,584,584,4.72045E+06,0,0,ICNVRT
5.2,0.039,315,1,3.03125,315503,INITIALIZE_MPI
5.1,314,314,1,0,314658,MPI_Init()
2.9,179,179,4208,0,43,MPI_Send()
2.8,168,168,4208,0,40,MPI_Wait()
1.1,69,69,1,0,69924,SPARSE
0.4,21,21,150000,0,0,VECSET
0.1,5,5,4208,0,1,MPI_Irecv()
0.0,2,2,1,0,2105,ALLOC_SPACE
0.0,0.767,0.767,1,0,767,MPI_Bcast()
0.0,0.186,0.186,1,0,186,MPI_Barrier()
0.0,0.0593,0.0593,1,0,59,MPI_Reduce()
0.0,0.0225,0.023,1,2,23,GET_ACTIVE_NPROCS
0.0,0.0158,0.0158,0.03125,0,505,CHECK_TIMER_FLAG
0.0,0.0118,0.0118,1,0,12,TIMER_START
0.0,0.00572,0.00572,0.03125,0,183,PRINT_RESULTS
0.0,0.00144,0.00144,9,0,0,TIMER_CLEAR
0.0,0.000906,0.000906,1,0,1,TIMER_STOP
0.0,0.00075,0.00075,1,0,1,SETUP_SUBMATRIX_INFO
0.0,0.00025,0.00025,1,0,0,MPI_Comm_size()
0.0,0.000219,0.000219,1,0,0,MPI_Comm_rank()
0.0,0.000188,0.000188,1,0,0,TIMER_READ
0.0,0.000156,0.000156,1,0,0,SETUP_PROC_INFO
