%Time,Exclusive,Inclusive,#Call,#Subrs,Inclusive,Name
100.0,0.00662,2,691,1,1,2691736,.TAU_application
100.0,1,2,691,1,553.125,2691730,CG
58.4,1,312,1,570,76,41496,20669,CONJ_GRAD
21.0,565,565,1,0,565420,MPI_Finalize()
11.5,0.0284,310,1,3.125,310043,INITIALIZE_MPI
11.5,309,309,1,0,309414,MPI_Init()
9.0,10,241,1,28001,241843,MAKEA
7.9,99,213,14000,884640,15,SPRNVC
5.2,139,139,13984,0,10,MPI_Wait()
4.1,111,111,13984,0,8,MPI_Send()
2.8,76,76,589761,0,0,RANDLC
1.4,38,38,294880,0,0,ICNVRT
0.6,15,15,1,0,15458,SPARSE
0.3,7,7,13984,0,1,MPI_Irecv()
0.1,2,2,1,0,2138,ALLOC_SPACE
0.1,2,2,14000,0,0,VECSET
0.0,0.521,0.521,1,0,521,MPI_Bcast()
0.0,0.113,0.113,1,0,113,MPI_Barrier()
0.0,0.0564,0.0564,0.125,0,451,CHECK_TIMER_FLAG
0.0,0.0504,0.0504,1,0,50,MPI_Reduce()
0.0,0.0225,0.0231,1,2,23,GET_ACTIVE_NPROCS
0.0,0.0196,0.0196,0.125,0,157,PRINT_RESULTS
0.0,0.003,0.003,1,0,3,TIMER_START
0.0,0.002,0.002,9,0,0,TIMER_CLEAR
0.0,0.00075,0.00075,1,0,1,TIMER_STOP
0.0,0.000625,0.000625,1,0,1,MPI_Comm_size()
0.0,0.000625,0.000625,1,0,1,SETUP_SUBMATRIX_INFO
0.0,0.000125,0.000125,1,0,0,TIMER_READ
0.0,0,0,1,0,0,MPI_Comm_rank()
0.0,0,0,1,0,0,SETUP_PROC_INFO
