%Time,Exclusive,Inclusive,#Call,#Subrs,Inclusive,Name
100.0,0.0065,10,622,1,1,10622484,.TAU_application
100.0,1,10,622,1,145.25,10622478,CG
67.8,7,206,7,206,1,0,7206815,MPI_Finalize()
24.5,2,480,2,606,31,9672,84085,CONJ_GRAD
4.2,28,447,1,60001,447762,MAKEA
3.4,0.0272,357,1,3.25,357306,INITIALIZE_MPI
3.4,356,356,1,0,356780,MPI_Init()
3.2,161,343,30000,1.47514E+06,11,SPRNVC
1.1,121,121,983429,0,0,RANDLC
0.9,95,95,3255,0,29,MPI_Send()
0.7,71,71,1,0,71547,SPARSE
0.6,60,60,491714,0,0,ICNVRT
0.3,27,27,3255,0,8,MPI_Wait()
0.0,4,4,30000,0,0,VECSET
0.0,3,3,3255,0,1,MPI_Irecv()
0.0,1,1,1,0,1848,ALLOC_SPACE
0.0,0.378,0.378,1,0,378,MPI_Bcast()
0.0,0.101,0.101,0.25,0,403,CHECK_TIMER_FLAG
0.0,0.0305,0.0305,0.25,0,122,PRINT_RESULTS
0.0,0.0288,0.0288,1,0,29,MPI_Reduce()
0.0,0.0203,0.0205,1,2,20,GET_ACTIVE_NPROCS
0.0,0.0203,0.0203,1,0,20,MPI_Barrier()
0.0,0.003,0.003,1,0,3,TIMER_START
0.0,0.00125,0.00125,9,0,0,TIMER_CLEAR
0.0,0.0005,0.0005,1,0,0,SETUP_SUBMATRIX_INFO
0.0,0.0005,0.0005,1,0,0,TIMER_STOP
0.0,0.00025,0.00025,1,0,0,MPI_Comm_size()
0.0,0,0,1,0,0,MPI_Comm_rank()
0.0,0,0,1,0,0,SETUP_PROC_INFO
0.0,0,0,1,0,0,TIMER_READ
