%Time,Exclusive,Inclusive,#Call,#Subrs,Inclusive,Name
100.0,0.007,39,581,1,1,39581844,.TAU_application
100.0,7,39,581,1,425.5,39581837,CG
69.8,27,127,27,624,101,31512,273505,CONJ_GRAD
27.3,10,825,10,825,1,0,10825422,MPI_Finalize()
2.0,52,801,1,60001,801168,MAKEA
1.2,223,478,30000,2.06582E+06,16,SPRNVC
1.2,458,458,10605,0,43,MPI_Send()
0.8,0.035,321,1,3.5,321392,INITIALIZE_MPI
0.8,320,320,1,0,320802,MPI_Init()
0.7,265,265,1,0,265729,SPARSE
0.4,170,170,1.37721E+06,0,0,RANDLC
0.2,84,84,688605,0,0,ICNVRT
0.1,29,29,10605,0,3,MPI_Wait()
0.0,9,9,10605,0,1,MPI_Irecv()
0.0,4,4,30000,0,0,VECSET
0.0,1,1,1,0,1846,ALLOC_SPACE
0.0,0.305,0.305,1,0,306,MPI_Bcast()
0.0,0.226,0.226,0.5,0,451,CHECK_TIMER_FLAG
0.0,0.0615,0.0615,0.5,0,123,PRINT_RESULTS
0.0,0.0345,0.0345,1,0,34,TIMER_START
0.0,0.0235,0.024,1,2,24,GET_ACTIVE_NPROCS
0.0,0.013,0.013,1,0,13,MPI_Reduce()
0.0,0.0075,0.0075,1,0,8,MPI_Barrier()
0.0,0.001,0.001,9,0,0,TIMER_CLEAR
0.0,0.001,0.001,1,0,1,TIMER_STOP
0.0,0.0005,0.0005,1,0,0,MPI_Comm_size()
0.0,0.0005,0.0005,1,0,0,SETUP_PROC_INFO
0.0,0.0005,0.0005,1,0,0,SETUP_SUBMATRIX_INFO
0.0,0,0,1,0,0,MPI_Comm_rank()
0.0,0,0,1,0,0,TIMER_READ
