%Time,Exclusive,Inclusive,#Call,#Subrs,Inclusive,Name
100.0,0.00625,9,934,1,1,9934131,.TAU_application
100.0,1,9,934,1,325.25,9934124,CG
82.2,8,168,8,168,1,0,8168964,MPI_Finalize()
12.4,1,137,1,233,76,23712,16234,CONJ_GRAD
3.6,0.032,356,1,3.25,356780,INITIALIZE_MPI
3.6,356,356,1,0,356123,MPI_Init()
1.7,9,170,1,28001,170635,MAKEA
1.5,68,147,14000,590394,11,SPRNVC
0.6,61,61,7980,0,8,MPI_Send()
0.5,52,52,393597,0,0,RANDLC
0.3,31,31,7980,0,4,MPI_Wait()
0.3,25,25,196798,0,0,ICNVRT
0.1,11,11,1,0,11678,SPARSE
0.0,3,3,7980,0,0,MPI_Irecv()
0.0,2,2,1,0,2347,ALLOC_SPACE
0.0,2,2,14000,0,0,VECSET
0.0,0.462,0.462,1,0,462,MPI_Bcast()
0.0,0.129,0.129,0.25,0,515,CHECK_TIMER_FLAG
0.0,0.0343,0.0345,1,2,34,GET_ACTIVE_NPROCS
0.0,0.0312,0.0312,0.25,0,125,PRINT_RESULTS
0.0,0.026,0.026,1,0,26,MPI_Reduce()
0.0,0.012,0.012,1,0,12,MPI_Barrier()
0.0,0.0025,0.0025,1,0,2,TIMER_START
0.0,0.00175,0.00175,9,0,0,TIMER_CLEAR
0.0,0.001,0.001,1,0,1,TIMER_STOP
0.0,0.00075,0.00075,1,0,1,SETUP_SUBMATRIX_INFO
0.0,0.00025,0.00025,1,0,0,MPI_Comm_size()
0.0,0,0,1,0,0,MPI_Comm_rank()
0.0,0,0,1,0,0,SETUP_PROC_INFO
0.0,0,0,1,0,0,TIMER_READ
