%Time,Exclusive,Inclusive,#Call,#Subrs,Inclusive,Name
100.0,0.00869,10,476,1,1,10476311,.TAU_application
100.0,2,10,476,1,238.062,10476302,CG
67.4,2,780,7,064,31,16926,227895,CONJ_GRAD
20.7,2,168,2,168,5704,0,380,MPI_Wait()
20.1,86,2,100,1,200001,2100502,MAKEA
20.0,2,099,2,099,5704,0,368,MPI_Send()
18.4,942,1,929,100000,5.50894E+06,19,SPRNVC
8.4,880,880,1,0,880644,MPI_Finalize()
6.3,658,658,3.67262E+06,0,0,RANDLC
4.1,0.0441,424,1,3.0625,424831,INITIALIZE_MPI
4.0,423,423,1,0,423585,MPI_Init()
3.1,327,327,1.83631E+06,0,0,ICNVRT
0.6,64,64,1,0,64219,SPARSE
0.2,19,19,100000,0,0,VECSET
0.2,17,17,5704,0,3,MPI_Irecv()
0.0,2,2,1,0,2132,ALLOC_SPACE
0.0,1,1,1,0,1151,MPI_Bcast()
0.0,0.357,0.357,1,0,357,MPI_Barrier()
0.0,0.0716,0.0716,1,0,72,MPI_Reduce()
0.0,0.0257,0.0257,0.0625,0,412,CHECK_TIMER_FLAG
0.0,0.0253,0.0256,1,2,26,GET_ACTIVE_NPROCS
0.0,0.0101,0.0101,1,0,10,TIMER_START
0.0,0.00806,0.00806,0.0625,0,129,PRINT_RESULTS
0.0,0.00231,0.00231,9,0,0,TIMER_CLEAR
0.0,0.00119,0.00119,1,0,1,TIMER_STOP
0.0,0.00075,0.00075,1,0,1,SETUP_SUBMATRIX_INFO
0.0,0.000313,0.000313,1,0,0,SETUP_PROC_INFO
0.0,0.000188,0.000188,1,0,0,MPI_Comm_rank()
0.0,0.000125,0.000125,1,0,0,MPI_Comm_size()
0.0,0.000125,0.000125,1,0,0,TIMER_READ
