%Time,Exclusive,Inclusive,#Call,#Subrs,Inclusive,Name
100.0,0.00648,6,135,1,1,6135806,.TAU_application
100.0,3,6,135,1,781.016,6135800,CG
44.6,1,256,2,738,76,59280,36030,CONJ_GRAD
38.3,58,2,348,1,300001,2348844,MAKEA
36.7,1,068,2,253,150000,9.44725E+06,15,SPRNVC
13.9,854,854,19988,0,43,MPI_Wait()
12.9,792,792,6.29816E+06,0,0,RANDLC
11.2,689,689,1,0,689801,MPI_Finalize()
10.0,610,610,19988,0,31,MPI_Send()
6.4,393,393,3.14908E+06,0,0,ICNVRT
5.8,0.0365,352,1,3.01562,352896,INITIALIZE_MPI
5.7,352,352,1,0,352133,MPI_Init()
0.3,21,21,150000,0,0,VECSET
0.3,17,17,19988,0,1,MPI_Irecv()
0.3,15,15,1,0,15431,SPARSE
0.0,2,2,1,0,2066,ALLOC_SPACE
0.0,0.694,0.694,1,0,694,MPI_Bcast()
0.0,0.237,0.237,1,0,237,MPI_Barrier()
0.0,0.0587,0.0587,1,0,59,MPI_Reduce()
0.0,0.0238,0.0245,1,2,24,GET_ACTIVE_NPROCS
0.0,0.00844,0.00844,1,0,8,TIMER_START
0.0,0.00703,0.00703,0.015625,0,450,CHECK_TIMER_FLAG
0.0,0.00311,0.00311,0.015625,0,199,PRINT_RESULTS
0.0,0.00162,0.00162,9,0,0,TIMER_CLEAR
0.0,0.000719,0.000719,1,0,1,TIMER_STOP
0.0,0.000547,0.000547,1,0,1,SETUP_SUBMATRIX_INFO
0.0,0.000375,0.000375,1,0,0,MPI_Comm_size()
0.0,0.000266,0.000266,1,0,0,MPI_Comm_rank()
0.0,0.000234,0.000234,1,0,0,SETUP_PROC_INFO
0.0,0.000203,0.000203,1,0,0,TIMER_READ
