%Time,Exclusive,Inclusive,#Call,#Subrs,Inclusive,Name
100.0,0.00725,18,943,1,1,18943730,.TAU_application
100.0,6,18,943,1,553.062,18943723,CG
80.8,13,116,15,312,76,41496,201487,CONJ_GRAD
14.1,93,2,671,1,300001,2671213,MAKEA
13.0,1,181,2,461,150000,1.02363E+07,16,SPRNVC
5.9,1,116,1,116,13984,0,80,MPI_Wait()
5.6,1,054,1,054,13984,0,75,MPI_Send()
4.5,855,855,6.82419E+06,0,0,RANDLC
3.4,647,647,1,0,647224,MPI_Finalize()
2.2,425,425,3.4121E+06,0,0,ICNVRT
1.6,0.0348,301,1,3.0625,301828,INITIALIZE_MPI
1.6,301,301,1,0,301085,MPI_Init()
0.5,94,94,1,0,94810,SPARSE
0.1,27,27,13984,0,2,MPI_Irecv()
0.1,21,21,150000,0,0,VECSET
0.0,2,2,1,0,2100,ALLOC_SPACE
0.0,1,1,1,0,1442,MPI_Barrier()
0.0,0.655,0.655,1,0,655,MPI_Bcast()
0.0,0.0589,0.0589,1,0,59,MPI_Reduce()
0.0,0.0311,0.0311,0.0625,0,498,CHECK_TIMER_FLAG
0.0,0.0221,0.0225,1,2,22,GET_ACTIVE_NPROCS
0.0,0.00887,0.00887,1,0,9,TIMER_START
0.0,0.008,0.008,0.0625,0,128,PRINT_RESULTS
0.0,0.00194,0.00194,9,0,0,TIMER_CLEAR
0.0,0.000875,0.000875,1,0,1,TIMER_STOP
0.0,0.000438,0.000438,1,0,0,SETUP_SUBMATRIX_INFO
0.0,0.00025,0.00025,1,0,0,MPI_Comm_size()
0.0,0.00025,0.00025,1,0,0,SETUP_PROC_INFO
0.0,0.000188,0.000188,1,0,0,MPI_Comm_rank()
0.0,0,0,1,0,0,TIMER_READ
