FunctionName,Average,PredictCosts,RealCost
"[1, 2, 4, 8, 16, 32, 64, 128, 256]",0.028761904761904766,51.150000000000006,7.68
"[1, 2, 4, 8, 16, 32, 64, 128]",0.15071428571428572,43.470000000000006,7.68
"[1, 2, 4, 8, 16, 32]",32.686,26.830000000000002,7.68
"[1, 2, 4, 8]",174.45742857142858,16.59,7.68
"[1, 2]",5.6134786493843866e+19,7.949999999999999,7.68
