FunctionName,Average,PredictCosts,RealCost
"['A', 'B', 'C', 'D']",0.5186774193548386,31604.48,29752.32
"['A', 'B', 'C']",0.356258064516129,1852.1599999999999,29752.32
['A'],0.36017741935483866,79.36,29752.32
